{"type": "block", "layer": 2, "block": 0, "features": [{"geom": {"polygons": [[[[-0.02428380313484979, -0.025425817793081507], [-0.02428380313484979, -0.025574944521110865], [-0.024203026157167074, -0.02558115813478068], [-0.02407875388379921, -0.025509701577597355], [-0.023917199928433774, -0.025444458634083844], [-0.0238302093370919, -0.025494167543428148], [-0.023780500427747597, -0.0256277602372883], [-0.023842636564424424, -0.025786207385820603], [-0.023951374803615977, -0.02594776134118959], [-0.0241315695999873, -0.026180771853734797], [-0.024218560191329175, -0.026068926807713666], [-0.024255841873340955, -0.02605960638721072], [-0.024333512044194094, -0.025941547727519776], [-0.024364580112532508, -0.025985043023194265], [-0.02435836649885914, -0.026065820000880535], [-0.02447331835172406, -0.026047179159874645], [-0.024693901636936744, -0.025985043023194265], [-0.024979727865655832, -0.02581727545416257], [-0.025240699639709874, -0.02564950788512732], [-0.025386719560913207, -0.025531449225436376], [-0.02545506931124919, -0.02547863350925894], [-0.025526525868443173, -0.025404070145242486], [-0.025557593936781586, -0.025236302576207237], [-0.025610409652955468, -0.025121350723352975], [-0.025706720664800287, -0.024975330802156748], [-0.0257222546989766, -0.024798242812618554], [-0.02571914789214702, -0.024670863732424664], [-0.025709827471644076, -0.024524843811228436], [-0.025672545789632295, -0.024391251117368284], [-0.02562283688028799, -0.024239017582502242], [-0.025523419061599384, -0.024195522286827753], [-0.0253028357763867, -0.024133386150147373], [-0.025051184422835604, -0.024074356820303677], [-0.024818173910290398, -0.024065036399800732], [-0.02467836760276043, -0.024083677240806622], [-0.024594483818248136, -0.024148920184320133], [-0.024488852385886162, -0.024198629093660884], [-0.02436147330570293, -0.024263872037174394], [-0.02426826910067348, -0.02436018304902987], [-0.024296230362182314, -0.02442542599254338], [-0.024290016748523158, -0.024527950618061567], [-0.024262055487014322, -0.024608727595747837], [-0.024215453384499597, -0.024692611380263685], [-0.024137783213646458, -0.024754747516944065], [-0.024063219849637107, -0.02478892239211561], [-0.024066326656466686, -0.024838631301459912], [-0.02403836539495785, -0.024891447017637347], [-0.023994870099286914, -0.024885233403971085], [-0.02390787950793083, -0.024969117188486933], [-0.02383331614392148, -0.02507164181400867], [-0.023901665894271673, -0.02511203030285003], [-0.023960695224118922, -0.025236302576207237], [-0.024181278509331605, -0.025407176952075616], [-0.024215453384499597, -0.025376108883737203], [-0.02428380313484979, -0.025425817793081507]]]], "centroids": [[-0.024786256189244682, -0.025046368721824308, 0.0]], "h": -0.000976}, "mtl": {"face": 0, "edge": 1}}], "featureCount": 1, "startIndex": 0}