{"type": "block", "layer": 4, "block": 0, "features": [{"geom": {"triangles": {"v": [-0.012960513212121327, 0.022187471415350046, 0.0, -0.025861819364465077, 0.02154850962335786, 0.0, -0.027273257352746327, -0.02659106252019683, 0.0, 0.016588131807409923, -0.013293027852228079, 0.0, 0.016359249971472423, -0.02511286732976714, 0.0, 0.008623043916784923, 0.016312837626287546, 0.0, 0.023431698701941173, 0.008872270609685984, 0.0], "f": [0, 1, 2, 2, 3, 0, 3, 2, 4, 3, 5, 0, 5, 3, 6]}, "centroids": [[-0.004802311177968477, -0.0031167574924175767, 0.0]]}, "mtl": 0}], "featureCount": 1, "startIndex": 0}